user_input,output,flag,username,timestamp
Tools in Cybersecurity,"There are a variety of tools used in cybersecurity to protect against cyber threats and attacks. Here are some examples:

1. Firewall: A firewall is a network security tool that monitors and controls incoming and outgoing traffic based on predetermined security rules.

2. Intrusion Detection System (IDS): IDS is a tool that detects malicious traffic in the network and alerts security teams about the potential threat.

3. Antivirus software: Antivirus software is designed to detect, prevent, and remove malicious software from computer systems.

4. Virtual Private Network (VPN): VPN is software or hardware that allows users to connect securely to a private network over the internet.

5. Penetration Testing Tools: Penetration testing tools are used to assess the security of an organization's network, applications, and systems by simulating real-world attacks.

6. Security Information and Event Management (SIEM): SIEM is a tool that enables organizations to collect, monitor, and analyze security-related data in real-time from various sources.

7. Data Loss Prevention (DLP): DLP is a tool used to identify, monitor, and protect sensitive data to prevent unauthorized data exfiltration.

8. Two-Factor Authentication (2FA): 2FA is a security process in which users are required to provide two forms of identification before gaining access to a system or application.",,,2023-04-14 16:32:41.482733
Tools in Cybersecurity,"There are a variety of tools used in cybersecurity to protect against cyber threats and attacks. Here are some examples:

1. Firewall: A firewall is a network security tool that monitors and controls incoming and outgoing traffic based on predetermined security rules.

2. Intrusion Detection System (IDS): IDS is a tool that detects malicious traffic in the network and alerts security teams about the potential threat.

3. Antivirus software: Antivirus software is designed to detect, prevent, and remove malicious software from computer systems.

4. Virtual Private Network (VPN): VPN is software or hardware that allows users to connect securely to a private network over the internet.

5. Penetration Testing Tools: Penetration testing tools are used to assess the security of an organization's network, applications, and systems by simulating real-world attacks.

6. Security Information and Event Management (SIEM): SIEM is a tool that enables organizations to collect, monitor, and analyze security-related data in real-time from various sources.

7. Data Loss Prevention (DLP): DLP is a tool used to identify, monitor, and protect sensitive data to prevent unauthorized data exfiltration.

8. Two-Factor Authentication (2FA): 2FA is a security process in which users are required to provide two forms of identification before gaining access to a system or application.",,,2023-04-14 16:32:52.363179
Dismantle ,"I'm sorry, I cannot ""dismantle"" as I am a virtual assistant running on a computer server. Is there anything else I can help you with?",,,2023-04-16 00:13:25.941663
